Obs ID,Regional Bureau,Country,ISO-3 Code,Typology,Countries that are engaged in the SSC/TrC,ISO-3 of countries that are engaged in the SSC/TrC,Partners Involved,Method,Approach used by UNDP,SDG,Thematic Area
1,RBA,Benin ,BEN,LDC,India ,IND,Private Sector,Country-To-Country,Partnership Facilitation,17,SSC
2,RBA,Botswana ,BWA,LLDC,,,CSO/NGOs,Regional,Capacity Building,13,Climate Action
3,RBA,Botswana ,BWA,LLDC,Nigeria ,NGA,Private Sector,Country-To-Country,Partnership Facilitation,8,Economic Growth & Job Creation
4,RBA,Botswana ,BWA,LLDC,Kenya ,KEN,CSO/NGOs,Country-To-Country,Capacity Building,13;5,Gender Equality;Climate Action
5,RBA,Botswana ,BWA,LLDC,Zambia,ZMB,Government,Country-To-Country,Knowledge Sharing,9,Sustainable Industrialization
6,RBA,Burundi ,BDI,LDC;LLDC,Cameroon,CMR,Government,Country-To-Country,Capacity Building;Knowledge Sharing,16;5,Gender Equality;Governance
7,RBA,Burundi ,BDI,LDC;LLDC,"Cameroon, Burkina Faso, Tanzania and Rwanda",CMR;BFA;TZA;RWA,Private Sector,Country-To-Country,Capacity Building;Partnership Facilitation,7;8,Sustainable Energy;Economic Growth & Job Creation
8,RBA,Cabo Verde,CPV,SIDS,,,Government,Regional,Knowledge Sharing,14,Marine Conservation
9,RBA,Cabo Verde,CPV,SIDS,"Angola, Cabo Verde,  Guiné-Bissau, São Tomé e Príncipe, Mozambique, and East Timor",AGO;CPV;GNB;STP;MOZ;TLS,Government,Cross-Regional,Capacity Building;Knowledge Sharing,14;15,Marine Conservation;Natural Resource Management & Biodiversity
10,RBA ,Cameroon,CMR,,,,CSO/NGOs,Regional,Capacity Building,8,Economic Growth & Job Creation
11,RBA ,Cameroon,CMR,,Egypt,EGY,CSO/NGOs,Country-To-Country,Capacity Building;Knowledge Sharing,5;8,Economic Growth & Job Creation;Gender Equality
12,RBA ,Cameroon,CMR,,,,IFI,,Capacity Building;Partnership Facilitation,9,Sustainable Industrialization
13,RBA,Chad,TCD,LDC;LLDC,"Burkina Faso, Rwanda",BFA;RWA,Government,Country-To-Country,Capacity Building,3,Health
14,RBA,Central African Republic ,CAF,LDC;LLDC,Democratic Republic of the Congo (DRC),COD,Government,Country-To-Country,Capacity Building;Knowledge Sharing,16,Governance
15,RBA,Côte d'Ivoire  ,CIV,,Egypt,EGY,Private Sector,Country-To-Country,Capacity Building;Knowledge Sharing,8,Economic Growth & Job Creation
16,RBA,Eritrea,ERI,LDC,Singapore ,SGP,Government,Country-To-Country,Knowledge Sharing,17,Building Capacities to Implement the SDGs
17,RBA,Eritrea,ERI,LDC,Singapore ,SGP,Government,Country-To-Country,Knowledge Sharing,17,Building Capacities to Implement the SDGs
18,RBA,Eritrea,ERI,LDC,South Africa,ZAF,Academia,Country-To-Country,Knowledge Sharing,16,Governance
19,RBA,Ethiopia ,ETH,LDC;LLDC,"China, Sri Lanka",CHN;LKA,Government,Country-To-Country,Knowledge Sharing,7,Renewable Energy
20,RBA,Ethiopia ,ETH,LDC;LLDC,China ,CHN,Government;Private Sector,Country-To-Country,Capacity Building;Knowledge Sharing,8;9,Economic Growth & Job Creation;Digital Transformation;Financing
21,RBA,Ethiopia ,ETH,LDC;LLDC,China ,CHN,Government,Country-To-Country,Knowledge Sharing,7,Renewable Energy
22,RBA ,Eswatini ,SWZ,LLDC,,,Regional Organization,Regional,Partnership Facilitation,11,Disaster Risk Management
23,RBA ,Eswatini ,SWZ,LLDC,,,Regional Organization,Country-To-Country,Partnership Facilitation,16,Governance
24,RBA,Gabon,GAB,,Senegal and DRC,SEN;COD,Government,Country-To-Country,Knowledge Sharing,11;4,Community Resilience
25,RBA,Gabon,GAB,,Rwanda ,RWA,CSO/NGOs,Regional,Capacity Building;Knowledge Sharing,8,Economic Growth & Job Creation
26,RBA,Ghana,GHA,,"Kenya, Egypt",KEN;EGY,Private Sector,Country-To-Country,Knowledge Sharing;Partnership Facilitation,8;9,Economic Growth & Job Creation
27,RBA,Ghana,GHA,,Nigeria ,NGA,IFI,Country-To-Country,Capacity Building;Partnership Facilitation,8;5,Economic Growth & Job Creation;Gender Equality
28,RBA,Ghana,GHA,,"Namibia, Kenya, and Uganda",NAM;KEN;UGA,Government,Country-To-Country,Knowledge Sharing,13,Climate Action
29,RBA,Guinea,GIN,LDC,Morocco,MAR,Government,Country-To-Country,Capacity Building;Knowledge Sharing,8,Economic Growth & Job Creation;SSC
30,RBA,the Gambia ,GMB,LDC,Kenya ,KEN,CSO/NGOs,Regional,Knowledge Sharing,4,Education & Skills Development
31,RBA,the Gambia ,GMB,LDC,South Africa ,ZAF,Government,Country-To-Country,Knowledge Sharing,7,Energy Efficiency
32,RBA,Guinea-Bissau,GNB,LDC;SIDS,Cabo Verde,CPV,Academia,Country-To-Country,Capacity Building,4;8,Economic Growth & Job Creation;Education & Skills Development
33,RBA,Kenya,KEN,,China ,CHN,Private Sector,Country-To-Country,Knowledge Sharing,8,Economic Growth & Job Creation
34,RBA,Kenya,KEN,,,,Government,Regional,Capacity Building,13,Climate Action
35,RBA,Kenya,KEN,,,,Government,Regional,Knowledge Sharing,9,Innovation
36,RBA,Kenya,KEN,,,,Government,Regional,Knowledge Sharing,8,Economic Growth & Job Creation
37,RBA,Kenya,KEN,,,,Government,Regional,Knowledge Sharing,13;8,Economic Growth & Job Creation;Climate Action
38,RBA,Kenya,KEN,,Ghana,GHA,Government;Private Sector,Country-To-Country,Partnership Facilitation,17,Trade;Investment
39,RBA,Kenya,KEN,,Serbia ,SRB,Government,Country-To-Country,Partnership Facilitation,17,Trade;Investment
40,RBA ,Lesotho,LSO,LDC;LLDC,,,Government;Private Sector,,Capacity Building,17,Trade;Investment
41,RBA ,Lesotho,LSO,LDC;LLDC,Kenya ,KEN,Private Sector,Country-To-Country,Partnership Facilitation,17,Trade;Investment
42,RBA ,Lesotho,LSO,LDC;LLDC,Kenya ,KEN,Government,Regional,Knowledge Sharing,4,Education & Skills Development
43,RBA ,Lesotho,LSO,LDC;LLDC,"South Africa, Egypt",ZAF;EGY,Private Sector,Regional,Knowledge Sharing,5;8,Economic Growth & Job Creation;Gender Equality
44,RBA ,Mali,MLI,LDC;LLDC,Benin and Ghana,BEN;GHA,Government,Country-To-Country,Capacity Building;Knowledge Sharing,17,Building Capacities to Implement the SDGs
45,RBA,Mauritania,MRT,LDC,,,Government,Country-To-Country,Knowledge Sharing,16;9,Governance;Digital Transformation
46,RBA,Mozambique ,MOZ,LDC,,,IFI,,Partnership Facilitation,3,Health
47,RBA,Mozambique ,MOZ,LDC,,,Government,Country-To-Country,Knowledge Sharing,16,Governance
48,RBA,Mozambique ,MOZ,LDC,"India, Brazil, South Africa ",IND;BRA;ZAF,Government,Country-To-Country,Partnership Facilitation,6,Water Management
49,RBA,Mauritius,MUS,SIDS,Egypt,EGY,Private Sector,Country-To-Country,Knowledge Sharing,5;8,Economic Growth & Job Creation;Gender Equality
50,RBA,Mauritius,MUS,SIDS,Seychelles,SYC,Private Sector,Country-To-Country,Knowledge Sharing,5;8,Economic Growth & Job Creation;Gender Equality
51,RBA,Mauritania,MRT,LDC,Pakistan ,PAK,Regional Organization,,Partnership Facilitation,17,SSC
52,RBA,Malawi,MWI,LDC;LLDC,Kenya and Zambia ,KEN;ZMB,Government,Country-To-Country,Knowledge Sharing,16,Governance
53,RBA,Malawi,MWI,LDC;LLDC,Kenya ,KEN,Government,Country-To-Country,Knowledge Sharing;Partnership Facilitation,16,Governance
54,RBA,Namibia ,NAM,,Angola and Zambia ,AGO;ZMB,Government,Country-To-Country,Capacity Building,17,Trade
55,RBA,Namibia ,NAM,,,,Private Sector,Country-To-Country,Capacity Building;Knowledge Sharing,17;8,Economic Growth & Job Creation;Trade
56,RBA,Namibia ,NAM,,Egypt ,EGY,Private Sector,,Capacity Building;Knowledge Sharing,8,Economic Growth & Job Creation
57,RBA,Namibia ,NAM,,Kenya,KEN,CSO/NGOs,Regional,Capacity Building,10,Social Inclusion
58,RBA,Namibia ,NAM,,,,Regional Organization,Regional,Knowledge Sharing,9,Financing;Sustainable Industrialization
59,RBA,Namibia ,NAM,,Zambia,ZMB,Regional Organization,Country-To-Country,Capacity Building,7;4,Sustainable Energy;Education & Skills Development
60,RBA ,Niger,NER,LDC;LLDC,,,IFI,,Knowledge Sharing,8,Economic Growth & Job Creation
61,RBA,Nigeria ,NGA,,,,Government,Regional,Capacity Building,8,Economic Growth & Job Creation
62,RBA,Rwanda ,RWA,LDC;LLDC,,,Government,Regional,Knowledge Sharing,8,Economic Growth & Job Creation
63,RBA,Sao Tome and Principe,STP,LDC;SIDS,,,Government,Regional,Knowledge Sharing,4,Education & Skills Development
64,RBA,Sao Tome and Principe,STP,LDC;SIDS,"Brazil, Angola, Cabo Verde, Guinea-Bissau, Equatorial Guinea, Mozambique, Portugal, Sao Tome and Principe, and Timor-Leste",BRA;AGO;CPV;GNB;GNQ;MOZ;PRT;STP;TLS,Government,Cross-Regional,Capacity Building;Knowledge Sharing,13,Climate Action
65,RBA ,South Africa ,ZAF,,Zimbabwe,ZWE,CSO/NGOs;Government,Country-To-Country,Capacity Building;Knowledge Sharing,16,Governance
66,RBA ,South Africa ,ZAF,,the Gambia,GMB,Government,Country-To-Country,Knowledge Sharing,7,Energy Efficiency
67,RBA ,South Africa ,ZAF,, Tanzania,TZA,Government,Country-To-Country,Knowledge Sharing,7,Energy Efficiency
68,RBA ,South Africa ,ZAF,,Viet Nam,VNM,Government,Country-To-Country,Knowledge Sharing,7,Renewable Energy
69,RBA ,South Sudan ,SSD,LDC;LLDC,Nigeria ,NGA,IFI,Country-To-Country,Partnership Facilitation,8,Economic Growth & Job Creation
70,RBA ,South Sudan ,SSD,LDC;LLDC,regional ,,Regional Organization;Government,,Capacity Building,17,Trade
71,RBA ,South Sudan ,SSD,LDC;LLDC,,,Government,Country-To-Country,Capacity Building;Knowledge Sharing,17,Trade
72,RBA,Seychelles,SYC,SIDS,Mauritius,MUS,Government,Country-To-Country,Knowledge Sharing,14,Marine Conservation
73,RBA,Seychelles,SYC,SIDS,Mauritius,MUS,Government,Country-To-Country,Knowledge Sharing,2,Agriculture
74,RBA,Seychelles,SYC,SIDS,China ,CHN,Government,Country-To-Country,Partnership Facilitation,17,SSC
75,RBA ,Tanzania ,TZA,LDC,"Algeria, Nigeria, and Morocco",DZA;NGA;MAR,Government;Private Sector,Country-To-Country,Capacity Building,8,Economic Growth & Job Creation
76,RBA,Togo ,TGO,LDC,regional ,,Government,Regional,Knowledge Sharing,16,Governance
77,RBA,Uganda,UGA,LDC;LLDC,"Nigeria, South Africa  ",NGA;ZAF,Private Sector,Country-To-Country,Capacity Building,8;5,Economic Growth & Job Creation;Gender Equality
78,RBA,Uganda,UGA,LDC;LLDC,,,Government,Regional,Partnership Facilitation,8;17,Economic Growth & Job Creation;Trade
79,RBA,Uganda,UGA,LDC;LLDC,,,Academia;CSO/NGOs;Government;Private Sector,,Knowledge Sharing;Partnership Facilitation,8;17,Economic Growth & Job Creation;Trade
80,RBA,Uganda,UGA,LDC;LLDC,Kenya ,KEN,Government;Private Sector,Regional,Capacity Building;Knowledge Sharing,7,Renewable Energy
81,RBA ,Zambia ,ZMB,LDC;LLDC,,,CSO/NGOs,Global,Knowledge Sharing,13,Climate Action
82,RBA ,Zambia ,ZMB,LDC;LLDC,Rwanda ,RWA,Academia,Country-To-Country,Capacity Building;Knowledge Sharing,9,Innovation
83,RBA,Regional Bureau for Africa ,,,,,Regional Organization,Regional,Capacity Building,5,Gender Equality
84,RBA,Regional Bureau for Africa ,,,,,Regional Organization,Regional,Capacity Building,5,Gender Equality
85,RBA,Regional Bureau for Africa ,,,,,Regional Organization,Regional,Capacity Building,5,Gender Equality
86,RBA,Regional Bureau for Africa ,,,"Uganda, Rwanda, South Africa, Comoros, Ghana, Nigeria",UGA;RWA;ZAF;COM;GHA;NGA,Regional Organization,Regional,Capacity Building,5,Gender Equality
87,RBA,Regional Bureau for Africa ,,,,,Regional Organization,Regional,Capacity Building,5,Gender Equality
88,RBA,Regional Bureau for Africa ,,,,,Regional Organization,Regional,Capacity Building,5,Gender Equality
89,RBA,Regional Bureau for Africa ,,,,,CSO/NGOs;Regional Organization,Regional,Capacity Building,5,Gender Equality
90,RBA,Regional Bureau for Africa ,,,"Burkina Faso, Chad, Mali, Mauritania, Niger, Nigeria, and Senegal",BFA;TCD;MLI;MRT;NER;NGA;SEN,CSO/NGOs;Regional Organization,Regional,Capacity Building,5,Gender Equality
91,RBA,Regional Bureau for Africa ,,,,,Regional Organization,Regional,Capacity Building,5,Gender Equality
92,RBA,Regional Bureau for Africa ,,,,,Regional Organization,Regional,Capacity Building,5;4,Gender Equality;Education & Skills Development
93,RBA,Regional Bureau for Africa ,,,"Burkina Faso, Chad, Mali, Mauritania, Niger, Nigeria, and Senega",BFA;TCD;MLI;MRT;NER;NGA;SEN,Regional Organization,Regional,Capacity Building,11;13;9,Climate Action;Disaster Risk Management;Digital Transformation
94,RBA,Regional Bureau for Africa ,,,,,Academia,Regional,Capacity Building;Partnership Facilitation,3,Health
95,RBA,Regional Bureau for Africa ,,,,,Regional Organization,Regional,Partnership Facilitation,8,Economic Growth & Job Creation
96,RBA,Regional Bureau for Africa ,,,,,Regional Organization,Regional,Capacity Building,17;5,Gender Equality;Trade
97,RBA,Regional Bureau for Africa ,,,,,CSO/NGOs;Regional Organization,Regional,Capacity Building,17;5,Gender Equality;Trade
98,RBA,Regional Bureau for Africa ,,,,,Regional Organization,Regional,Capacity Building,5,Gender Equality
99,RBA,Regional Bureau for Africa ,,,,,Regional Organization,Regional,Capacity Building,11,Community Resilience
100,RBA,Regional Bureau for Africa ,,,,,Regional Organization,Regional,Capacity Building,11,Disaster Risk Management
101,RBA,Regional Bureau for Africa ,,,,,Regional Organization,Regional,Capacity Building,10,Migration
102,RBA,Regional Bureau for Africa ,,,,,Regional Organization,Regional,Capacity Building,11,Community Resilience
103,RBA,Regional Bureau for Africa ,,,,,CSO/NGOs;Regional Organization,Regional,Capacity Building,17,Trade
104,RBA,Regional Bureau for Africa ,,,"Nigeria, Kenya ",NGA;KEN,Government;Private Sector,Country-To-Country,Knowledge Sharing,17,Financing
105,RBA,Regional Bureau for Africa ,,,,,Regional Organization,Regional,Capacity Building,15,Natural Resource Management & Biodiversity
106,RBA,Regional Bureau for Africa ,,,,,Regional Organization,Regional,Capacity Building;Partnership Facilitation,6,Water Management
107,RBA,Regional Bureau for Africa ,,,,,Regional Organization,Regional,Knowledge Sharing,15,Natural Resource Management & Biodiversity
108,RBA,Regional Bureau for Africa ,,,,,Regional Organization,Regional,Capacity Building;Knowledge Sharing,13;16,Climate Action;Governance
109,RBA,Regional Bureau for Africa ,,,,,CSO/NGOs,Regional,Knowledge Sharing,16,Governance
110,RBA,Regional Bureau for Africa ,,,,,Government,Regional,Capacity Building,11,Community Resilience
111,RBA,Regional Bureau for Africa ,,,,,Regional Organization;Government,Regional,Capacity Building;Knowledge Sharing,11,Community Resilience
112,RBA,Regional Bureau for Africa ,,,,,Regional Organization,Regional,Capacity Building;Knowledge Sharing,5,Gender Equality
113,RBA,Regional Bureau for Africa ,,,,,Regional Organization,Regional,Capacity Building,5,Gender Equality
114,RBA,Regional Bureau for Africa ,,,,,Regional Organization,Regional,Capacity Building,5,Gender Equality
115,RBA,Regional Bureau for Africa ,,,,,Regional Organization,Regional,Capacity Building;Knowledge Sharing,11,Disaster Risk Management
116,RBA,Regional Bureau for Africa ,,,China ,CHN,Government,Regional,Capacity Building,8,Economic Growth & Job Creation
117,RBA,Regional Bureau for Africa ,,,"Tanzania, Uganda, Benin, Zambia, Cabo Verde, Kenya",TZA;UGA;BEN;ZMB;CPV;KEN,Government,Regional,Knowledge Sharing,17,Financing
118,RBA,Regional Bureau for Africa ,,,,,CSO/NGOs,Regional,Capacity Building,17;16,Governance;Financing
119,RBA,Regional Bureau for Africa ,,,,,Government,Regional,Knowledge Sharing,7,Renewable Energy
120,RBA,Regional Bureau for Africa ,,,,,Regional Organization;Government,Regional,Knowledge Sharing,8,Economic Growth & Job Creation
121,RBA,Regional Bureau for Africa ,,,,,Regional Organization;Government,Regional,Knowledge Sharing,5;16,Gender Equality;Governance
122,RBA,Regional Bureau for Africa ,,,,,CSO/NGOs;Regional Organization;Government,Regional,Capacity Building;Knowledge Sharing,16,Governance
123,RBA,Regional Bureau for Africa ,,,,,CSO/NGOs;Regional Organization,Regional,Capacity Building;Knowledge Sharing,5;8;16,Economic Growth & Job Creation;Gender Equality;Governance
124,RBA,Regional Bureau for Africa ,,,,,Regional Organization,Regional,Capacity Building,13,Climate Action
125,RBA,Regional Bureau for Africa ,,,,,Regional Organization;Government,Regional,Capacity Building;Knowledge Sharing,16,Governance
126,RBEC,Albania ,ALB,,,,IFI,Country-To-Country,Partnership Facilitation,9,Digital Transformation
127,RBEC,Armenia,ARM,LLDC,Georgia ,GEO,Government;Private Sector,Country-To-Country,Partnership Facilitation,5,Gender Equality
128,RBEC,Azerbaijan,AZE,LLDC,Turkmenistan,TKM,Government,Country-To-Country,Knowledge Sharing,16,Governance
129,RBEC,Azerbaijan,AZE,LLDC,Georgia ,GEO,Private Sector,Country-To-Country,Capacity Building,5,Gender Equality
130,RBEC ,Belarus,BLR,,"China, Brazil, India, Qatar",CHN;BRA;IND;QAT,Government,Country-To-Country,Partnership Facilitation,3,Health
131,RBEC,Bosnia and Herzegovina,BIH,,,,Government,Regional,Knowledge Sharing,16;9,Governance;Digital Transformation
132,RBEC,Bosnia and Herzegovina,BIH,,,,Government,Regional,Knowledge Sharing,16;9,Governance;Digital Transformation
133,RBEC,Kazakhstan,KAZ,LLDC,,,Government,Regional,Capacity Building;Knowledge Sharing,5;16,Gender Equality;Governance
134,RBEC,Kazakhstan,KAZ,LLDC,"Afghanistan, Kyrgyzstan, Uzbekistan",AFG;KGZ;UZB,Academia,Regional,Capacity Building,4,Education & Skills Development
135,RBEC,Kazakhstan,KAZ,LLDC,,,Government;IFI;Private Sector,Regional,Knowledge Sharing,13,Climate Action
136,RBEC,Kazakhstan,KAZ,LLDC,,,Government,Regional,Capacity Building;Knowledge Sharing,16;5,Gender Equality;Governance
137,RBEC,Kosovo,XKX,,Serbia ,SRB,CSO/NGOs,Country-To-Country,Knowledge Sharing,16,Governance
138,RBEC,Kosovo,XKX,,Albania ,ALB,Government,Country-To-Country,Knowledge Sharing,16,Governance
139,RBEC,Kosovo,XKX,,Ukraine ,UKR,Government,Country-To-Country,Knowledge Sharing,9,Digital Transformation
140,RBEC,Kosovo,XKX,,"Albania, Panama  ",ALB;PAN,Government,Country-To-Country,Knowledge Sharing,8,Economic Growth & Job Creation
141,RBEC,Kosovo,XKX,,,,CSO/NGOs;Government;Private Sector,Country-To-Country,Knowledge Sharing,11;8,Economic Growth & Job Creation;Community Resilience
142,RBEC,Kyrgyzstan,KGZ,LLDC,Mongolia ,MNG,Government,Country-To-Country,Knowledge Sharing,15,Natural Resource Management & Biodiversity
143,RBEC,Kyrgyzstan,KGZ,LLDC,,,Academia;Government,Regional,Knowledge Sharing,13,Climate Action
144,RBEC,North Macedonia,MKD,LLDC,,,Government,Regional,Knowledge Sharing,16,Governance
145,RBEC,North Macedonia,MKD,LLDC,Armenia ,ARM,Government,Country-To-Country,Knowledge Sharing,17;16,Governance;Financing
146,RBEC,Serbia ,SRB,,Kenya,KEN,Government,Country-To-Country,Knowledge Sharing;Partnership Facilitation,17,Financing
147,RBEC,Tajikistan,TJK,LLDC,"Russian Federation, Kazakhstan, Belarus, Uzbekistan ",RUS;KAZ;BLR;UZB,Private Sector,Regional,Partnership Facilitation,17,Trade
148,RBEC,Tajikistan,TJK,LLDC,Armenia,ARM,Government;IFI,Country-To-Country,Capacity Building;Knowledge Sharing,17,Financing
149,RBEC,Turkmenistan,TKM,LLDC,,,Government,Regional,Knowledge Sharing,16,Governance
150,RBEC,Turkmenistan,TKM,LLDC,,,Government,Cross-Regional,Knowledge Sharing,16,Governance
151,RBEC,Turkmenistan,TKM,LLDC,China ,CHN,Government,Country-To-Country,Partnership Facilitation,8;10,Economic Growth & Job Creation;Social Inclusion
152,RBEC,Turkmenistan,TKM,LLDC,China ,CHN,Academia;Government,Country-To-Country,Knowledge Sharing,8;10,Economic Growth & Job Creation;Social Inclusion
153,RBEC,Turkiye,TUR,,,,Academia;Government,Regional,Knowledge Sharing,14,Marine Conservation
154,RBEC,Turkiye,TUR,,Jordan,JOR,Government,Country-To-Country,Knowledge Sharing,15,Natural Resource Management & Biodiversity
155,RBEC,Turkiye,TUR,,,,Academia;Government,Regional,Knowledge Sharing,14,Marine Conservation
156,RBEC,Uzbekistan,UZB,LLDC,,,Regional Organization;Government,Regional,Knowledge Sharing,6;13;15,Water Management;Climate Action;Natural Resource Management & Biodiversity
157,RBEC ,Uzbekistan ,UZB,LLDC,,,Government,Regional,Knowledge Sharing,13,Climate Action
158,RBEC ,Uzbekistan ,UZB,LLDC,,,IFI,Country-To-Country,Partnership Facilitation,2,Rural Development
159,RBEC ,Uzbekistan ,UZB,LLDC,Kazakhstan,KAZ,Government,Country-To-Country,Partnership Facilitation,13,Climate Action
160,RBEC,Regional Bureau for Europe and CIS,,,"Moldova, Georgia ",MDA;GEO,Government,Country-To-Country,Knowledge Sharing,16,Governance
161,RBEC,Regional Bureau for Europe and CIS,,,"North Macedonia, Montenegro, Ukraine, and Cyprus",MKD;MNE;UKR;CYP,Government,Regional,Capacity Building;Knowledge Sharing,3;16,Governance;Health
162,RBEC,Regional Bureau for Europe and CIS,,,"Serbia, Kyrgyzstan",SRB;KGZ,Government,Regional,Knowledge Sharing,11,Disaster Risk Management
163,RBEC,Regional Bureau for Europe and CIS,,,,,Government,Regional,Capacity Building;Knowledge Sharing,9,Digital Transformation
164,RBEC,Regional Bureau for Europe and CIS,,,,,Government,Cross-Regional,Knowledge Sharing,3,Health
165,RBEC,Regional Bureau for Europe and CIS,,,,,Government,Regional,Knowledge Sharing,1,Poverty Eradication
166,RBEC,Regional Bureau for Europe and CIS,,,,,Government,Regional,Knowledge Sharing,5;16,Gender Equality;Governance
167,RBEC,Regional Bureau for Europe and CIS,,,,,Government,Regional,Capacity Building;Knowledge Sharing,16,Governance
168,RBEC,Regional Bureau for Europe and CIS,,,,,Government,Regional,Knowledge Sharing,16,Governance
169,RBLAC,Argentina,ARG,,,,Academia;CSO/NGOs;Government;Private Sector,Cross-Regional,Knowledge Sharing,16;9,Governance;Digital Transformation
170,RBLAC,Argentina,ARG,,"Colombia, Ecuador, Peru",COL;ECU;PER,Government,Regional,Knowledge Sharing,15,Natural Resource Management & Biodiversity
171,RBLAC,Argentina,ARG,,"Bolivia, Chile",BOL;CHL,Government,Regional,Knowledge Sharing,15,Natural Resource Management & Biodiversity
172,RBLAC,Barbados ,BRB,SIDS,,,Academia;Government,Regional,Partnership Facilitation,11,Disaster Risk Management
173,RBLAC,Barbados ,BRB,SIDS,,,Government,Regional,Capacity Building,15,Natural Resource Management & Biodiversity
174,RBLAC,Barbados ,BRB,SIDS,,,Government,Regional,Partnership Facilitation,16,Governance
175,RBLAC,Barbados ,BRB,SIDS,,,IFI,Regional,Partnership Facilitation,8,Economic Growth & Job Creation
176,RBLAC,Barbados,BRB,SIDS,Dominica,DMA,Government,Country-To-Country,Capacity Building,13,Climate Action
177,RBLAC,Barbados,BRB,SIDS,,,Government;Private Sector,Regional,Capacity Building,13,Climate Action
178,RBLAC,Barbados,BRB,SIDS,,,Regional Organization;Government,,Partnership Facilitation,2;5;8,Agriculture;Economic Growth & Job Creation;Gender Equality
179,RBLAC,Belize,BLZ,SIDS,,,Government,Cross-Regional,Knowledge Sharing,16,Governance
180,RBLAC,Belize,BLZ,SIDS,,,Regional Organization;Government,Regional,Capacity Building,5,Gender Equality
181,RBLAC,Brazil ,BRA,,,,Government,Cross-Regional,Capacity Building;Partnership Facilitation,17,Building Capacities to Implement the SDGs
182,RBLAC,Brazil ,BRA,,Haiti,HTI,Government;Private Sector,Country-To-Country,Capacity Building,4;8,Economic Growth & Job Creation;Education & Skills Development
183,RBLAC,Brazil ,BRA,,,,Government,Cross-Regional,Capacity Building,2;8;17,Agriculture;Economic Growth & Job Creation;SSC
184,RBLAC,Brazil ,BRA,,,,Government,Cross-Regional,Capacity Building,2;8;17,Agriculture;Economic Growth & Job Creation;SSC
185,RBLAC,Brazil ,BRA,,,,Government,Cross-Regional,Capacity Building,2;8;17,Agriculture;Economic Growth & Job Creation;SSC
186,RBLAC,Brazil ,BRA,,,,Government,Regional,Capacity Building,2;8;17,Agriculture;Economic Growth & Job Creation;SSC
187,RBLAC,Brazil ,BRA,,,,Government,Regional,Capacity Building,2;8;17,Agriculture;Economic Growth & Job Creation;SSC
188,RBLAC,Brazil ,BRA,,,,Government,Regional,Capacity Building,2;8;17,Agriculture;Economic Growth & Job Creation;SSC
189,RBLAC,Chile,CHL,,Peru,PER,Government,Country-To-Country,Partnership Facilitation,15,Natural Resource Management & Biodiversity
190,RBLAC,Chile,CHL,,China ,CHN,Government,Country-To-Country,Knowledge Sharing,11,Urban Development
191,RBLAC,Chile,CHL,,,,CSO/NGOs;Government,Country-To-Country,Partnership Facilitation,17,SSC
192,RBLAC,Chile,CHL,,,,Government,Regional,Knowledge Sharing,16,Governance
193,RBLAC,Chile,CHL,,,,Government,Cross-Regional,Knowledge Sharing,16,Governance
194,RBLAC,Chile,CHL,,Ecuador,ECU,Government,Country-To-Country,Partnership Facilitation,13,Climate Action
195,RBLAC,Chile,CHL,,Peru,PER,Government,Country-To-Country,Partnership Facilitation,14,Marine Conservation
196,RBLAC,Chile,CHL,,,,CSO/NGOs;Government;Private Sector,Regional,Knowledge Sharing,5;8;14,Economic Growth & Job Creation;Gender Equality;Marine Conservation
197,RBLAC,Dominican Republic,DOM,SIDS,Cuba,CUB,Government,Country-To-Country,Capacity Building;Knowledge Sharing,3,Health
198,RBLAC,Dominican Republic,DOM,SIDS,Mexico ,MEX,Government,Country-To-Country,Knowledge Sharing,1,Poverty Eradication
199,RBLAC,Cuba,CUB,SIDS,,,Government,Regional,Knowledge Sharing,10,Social Inclusion
200,RBLAC,Cuba,CUB,SIDS,Mexico ,MEX,Government,Country-To-Country,Knowledge Sharing,16,Governance
201,RBLAC,Cuba,CUB,SIDS,,,Government,,Capacity Building,1;17,SSC;Poverty Eradication
202,RBLAC,Cuba,CUB,SIDS,,,Government,Country-To-Country,Capacity Building;Knowledge Sharing,2;12,Agriculture;Consumption & Production
203,RBLAC,Cuba,CUB,SIDS,Mexico,MEX,Government,Country-To-Country,Capacity Building;Knowledge Sharing,17,Financing
204,RBLAC,Dominican Republic,DOM,SIDS,Mexico,MEX,Government,Country-To-Country,Capacity Building;Knowledge Sharing,1,Social Protection
205,RBLAC,Dominican Republic,DOM,SIDS,Brazil ,BRA,Government,Country-To-Country,Knowledge Sharing,1,Social Protection
206,RBLAC,Dominican Republic,DOM,SIDS,UAE,ARE,CSO/NGOs;Regional Organization;Government;Private Sector,Country-To-Country,Capacity Building,17,Financing
207,RBLAC,Dominican Republic,DOM,SIDS,,,Government,Cross-Regional,Knowledge Sharing,17,Financing
208,RBLAC,Dominican Republic,DOM,SIDS,Mexico,MEX,Government,Country-To-Country,Knowledge Sharing,8;5,Economic Growth & Job Creation;Gender Equality
209,RBLAC,Dominican Republic,DOM,SIDS,Colombia,COL,Government,Country-To-Country,Capacity Building;Knowledge Sharing,11,Community Resilience
210,RBLAC,Ecuador,ECU,,,,Government,Country-To-Country,Knowledge Sharing,17,SSC
211,RBLAC,Ecuador,ECU,,,,Government,Country-To-Country,Knowledge Sharing,17,SSC
212,RBLAC,Ecuador,ECU,,,,Government,Country-To-Country,Knowledge Sharing,17,SSC
213,RBLAC,Ecuador,ECU,,,,Government,Country-To-Country,Knowledge Sharing,17,SSC
214,RBLAC,Ecuador,ECU,,,,Government,Country-To-Country,Knowledge Sharing,17,SSC
215,RBLAC,Ecuador,ECU,,,,Government,Country-To-Country,Knowledge Sharing,17,SSC
216,RBLAC,Ecuador,ECU,,,,Government,Country-To-Country,Knowledge Sharing,17,SSC
217,RBLAC,Ecuador,ECU,,,,Government,Country-To-Country,Knowledge Sharing,17,SSC
218,RBLAC,Ecuador,ECU,,,,Government,Country-To-Country,Knowledge Sharing,17,SSC
219,RBLAC,Ecuador,ECU,,,,Government,Country-To-Country,Knowledge Sharing,17,SSC
220,RBLAC,Ecuador,ECU,,,,Government,Country-To-Country,Knowledge Sharing,17,SSC
221,RBLAC,Ecuador,ECU,,,,Government,Country-To-Country,Knowledge Sharing,17,SSC
222,RBLAC,Ecuador,ECU,,,,Government,Country-To-Country,Knowledge Sharing,17,SSC
223,RBLAC,Ecuador,ECU,,,,Government,Country-To-Country,Knowledge Sharing,17,SSC
224,RBLAC,Ecuador,ECU,,,,Government,Country-To-Country,Knowledge Sharing,17,SSC
225,RBLAC,Ecuador,ECU,,,,Government,Country-To-Country,Knowledge Sharing,17,SSC
226,RBLAC,Ecuador,ECU,,,,Government,Country-To-Country,Knowledge Sharing,17,SSC
227,RBLAC,Ecuador,ECU,,,,Government,Country-To-Country,Knowledge Sharing,17,SSC
228,RBLAC,Ecuador,ECU,,,,Government,Country-To-Country,Knowledge Sharing,17,SSC
229,RBLAC,Ecuador,ECU,,,,Government,Country-To-Country,Knowledge Sharing,17,SSC
230,RBLAC,Ecuador,ECU,,,,Government,Country-To-Country,Knowledge Sharing,17,SSC
231,RBLAC,Ecuador,ECU,,,,Government,Country-To-Country,Knowledge Sharing,17,SSC
232,RBLAC,Ecuador,ECU,,,,Government,Country-To-Country,Knowledge Sharing,17,SSC
233,RBLAC,Ecuador,ECU,,,,Government,Country-To-Country,Knowledge Sharing,17,SSC
234,RBLAC,Ecuador,ECU,,,,Government,Country-To-Country,Knowledge Sharing,17,SSC
235,RBLAC,Ecuador,ECU,,,,Government,Country-To-Country,Knowledge Sharing,17,SSC
236,RBLAC,Ecuador,ECU,,,,Government,Country-To-Country,Knowledge Sharing,17,SSC
237,RBLAC,Ecuador,ECU,,,,Government,Country-To-Country,Knowledge Sharing,17,SSC
238,RBLAC,Ecuador,ECU,,,,Government,Country-To-Country,Knowledge Sharing,17,SSC
239,RBLAC,Ecuador,ECU,,,,Government,Country-To-Country,Knowledge Sharing,17,SSC
240,RBLAC,Ecuador,ECU,,,,Government,Country-To-Country,Knowledge Sharing,17,SSC
241,RBLAC,Ecuador,ECU,,,,Government,Country-To-Country,Knowledge Sharing,17,SSC
242,RBLAC,Ecuador,ECU,,,,Government,Country-To-Country,Knowledge Sharing,17,SSC
243,RBLAC,Ecuador,ECU,,,,Government,Country-To-Country,Knowledge Sharing,17,SSC
244,RBLAC,Ecuador,ECU,,,,Government,Country-To-Country,Knowledge Sharing,17,SSC
245,RBLAC,Ecuador,ECU,,,,Government,Country-To-Country,Knowledge Sharing,17,SSC
246,RBLAC,Ecuador,ECU,,,,Government,Country-To-Country,Knowledge Sharing,17,SSC
247,RBLAC,Ecuador,ECU,,,,Government,Country-To-Country,Knowledge Sharing,17,SSC
248,RBLAC,Ecuador,ECU,,,,Government,Country-To-Country,Knowledge Sharing,17,SSC
249,RBLAC,Ecuador,ECU,,,,Government,Country-To-Country,Knowledge Sharing,17,SSC
250,RBLAC,Ecuador,ECU,,,,Government,Country-To-Country,Knowledge Sharing,17,SSC
251,RBLAC,Ecuador,ECU,,,,Government,Country-To-Country,Knowledge Sharing,17,SSC
252,RBLAC,Ecuador,ECU,,,,Government,Country-To-Country,Knowledge Sharing,17,SSC
253,RBLAC,Ecuador,ECU,,,,Government,Country-To-Country,Knowledge Sharing,17,SSC
254,RBLAC,Ecuador,ECU,,,,Government,Country-To-Country,Knowledge Sharing,17,SSC
255,RBLAC,Ecuador,ECU,,,,Government,Country-To-Country,Knowledge Sharing,17,SSC
256,RBLAC,Ecuador,ECU,,,,Government,Country-To-Country,Knowledge Sharing,17,SSC
257,RBLAC,Ecuador,ECU,,,,Government,Country-To-Country,Knowledge Sharing,17,SSC
258,RBLAC,Ecuador,ECU,,,,Government,Country-To-Country,Knowledge Sharing,17,SSC
259,RBLAC,Ecuador,ECU,,,,Government,Country-To-Country,Knowledge Sharing,17,SSC
260,RBLAC,Ecuador,ECU,,,,Government,,Knowledge Sharing,17,SSC
261,RBLAC,El Salvador,SLV,,,,Regional Organization,Regional,Partnership Facilitation,11,Urban Development
262,RBLAC,El Salvador,SLV,,Mexico,MEX,Government,Country-To-Country,Partnership Facilitation,11,Urban Development
263,RBLAC,El Salvador,SLV,,Costa Rica,CRI,Government,Country-To-Country,Partnership Facilitation,11,Urban Development
264,RBLAC,El Salvador,SLV,,Uruguay,URY,Government,Country-To-Country,Partnership Facilitation,11,Urban Development
265,RBLAC,Haiti,HTI,LDC;SIDS,,,Government,Country-To-Country,Partnership Facilitation,4,Education & Skills Development
266,RBLAC,Jamaica,JAM,SIDS,Rwanda,RWA,Government,Country-To-Country,Knowledge Sharing,16,Governance
267,RBLAC,Jamaica,JAM,SIDS,Regional,,Government,Regional,Knowledge Sharing,14,Marine Conservation
268,RBLAC,Jamaica,JAM,SIDS,Cuba,CUB,Government,Country-To-Country,Capacity Building,16,Governance
269,RBLAC,Mexico,MEX,,,,Government,Regional,Knowledge Sharing,17,SSC
270,RBLAC,Mexico,MEX,,,,Government,Regional,Knowledge Sharing,11;17,Community Resilience;SSC
271,RBLAC,Panama,PAN,,,,Regional Organization;Government,Regional,Knowledge Sharing,13,Climate Action
272,RBLAC,Paraguay,PRY,LLDC,,,Academia,,Partnership Facilitation,2,Agriculture
273,RBLAC,Peru,PER,,El Salvador,SLV,Government;Private Sector,Country-To-Country,Knowledge Sharing,8;9,Economic Growth & Job Creation;Digital Transformation
274,RBLAC,Peru,PER,,"Ecuador, Dominican Republic and Panama",ECU;DOM;PAN,Government,Country-To-Country,Knowledge Sharing,16;9,Governance;Digital Transformation
275,RBLAC,Peru,PER,,Panama ,PAN,Government,Country-To-Country,Knowledge Sharing,12,Waste Management
276,RBLAC,Peru,PER,,Argentina ,ARG,Government,Country-To-Country,Knowledge Sharing,9,Science & Technology
277,RBLAC,Peru  ,PER,,Bolivia,BOL,Government,Country-To-Country,Partnership Facilitation,6,Water Management
278,RBLAC,Suriname,SUR,SIDS,,,Regional Organization,Country-To-Country,Capacity Building,13,Climate Action
279,RBLAC,Suriname,SUR,SIDS,Colombia ,COL,Government,Country-To-Country,Knowledge Sharing,13,Climate Action
280,RBLAC,Suriname,SUR,SIDS,,,Government,Regional,Knowledge Sharing,6,Water Management
281,RBLAC,Suriname,SUR,SIDS,India ,IND,Government,Country-To-Country,Partnership Facilitation,9,Digital Transformation
282,RBLAC,Suriname ,SUR,SIDS,,,Government,Regional,Knowledge Sharing,7,Renewable Energy
283,RBLAC,Trinidad and Tobago,TTO,SIDS,,,Academia,Country-To-Country,Partnership Facilitation,13,Climate Action
284,RBLAC,Trinidad and Tobago,TTO,SIDS,Cuba,CUB,Government,Country-To-Country,Knowledge Sharing,11,Disaster Risk Management
285,RBLAC,Trinidad and Tobago,TTO,SIDS,,,Government,Regional,Knowledge Sharing,15,Natural Resource Management & Biodiversity
286,RBLAC,Uruguay  ,URY,,Argentina,ARG,Government,Country-To-Country,Knowledge Sharing,15,Natural Resource Management & Biodiversity
287,RBLAC,Venezuela ,VEN,,Honduras,HND,Government,Country-To-Country,Knowledge Sharing,16,Governance
288,RBLAC ,Reg Bur Latin Amer & Carib,,,,,Regional Organization,Regional,Knowledge Sharing,16;9,Governance;Innovation
289,RBLAC ,Reg Bur Latin Amer & Carib,,,,,Government,Regional,Knowledge Sharing,3;16,Governance;Health
290,RBLAC ,Reg Bur Latin Amer & Carib,,,,,CSO/NGOs,Regional,Knowledge Sharing,16,Governance
291,RBLAC ,Reg Bur Latin Amer & Carib,,SIDS,,,Regional Organization,Regional,Partnership Facilitation,16,Governance
292,RBLAC ,Reg Bur Latin Amer & Carib,,,,,Government,Regional,Capacity Building,5;16,Gender Equality;Governance
293,RBLAC ,Reg Bur Latin Amer & Carib,,,,,CSO/NGOs,Regional,Capacity Building;Knowledge Sharing,16,Governance
294,RBAP,Bangladesh ,BGD,LDC,Indonesia ,IDN,Government;IFI,Country-To-Country,Partnership Facilitation,17,Financing
295,RBAP,Afghanistan ,AFG,LDC;LLDC,Kuwait ,KWT,Government,Country-To-Country,Partnership Facilitation,5,Gender Equality
296,RBAP,Afghanistan ,AFG,LDC;LLDC,"Qatar, Kuwait, Pakistan ",QAT;KWT;PAK,CSO/NGOs;Government;IFI,Country-To-Country,Partnership Facilitation,9,Digital Transformation
297,RBAP,China ,CHN,,Sri Lanka and Ethiopia,LKA;ETH,Government,Country-To-Country,Capacity Building,7,Renewable Energy
298,RBAP,China ,CHN,,,,Government,Global,Partnership Facilitation,17,SSC
299,RBAP,China ,CHN,,,,Government,Global,Capacity Building,17,SSC
300,RBAP,China ,CHN,,,,Government,Country-To-Country,Partnership Facilitation,17,SSC
301,RBAP,China ,CHN,,,,Government,Country-To-Country,Partnership Facilitation,17,SSC
302,RBAP,China ,CHN,,,,Government,Country-To-Country,Partnership Facilitation,17,SSC
303,RBAP,China ,CHN,,,,Government,Country-To-Country,Partnership Facilitation,17,SSC
304,RBAP,China ,CHN,,,,Government,Country-To-Country,Partnership Facilitation,17,SSC
305,RBAP,China ,CHN,,,,Government,Country-To-Country,Partnership Facilitation,17,SSC
306,RBAP,China ,CHN,,,,Government,Country-To-Country,Partnership Facilitation,17,SSC
307,RBAP,China ,CHN,,,,Government,Country-To-Country,Partnership Facilitation,17,SSC
308,RBAP,China ,CHN,,,,Government,Country-To-Country,Partnership Facilitation,17,SSC
309,RBAP,China ,CHN,,,,Government,Country-To-Country,Partnership Facilitation,17,SSC
310,RBAP ,China ,CHN,,,,Government,Country-To-Country,Capacity Building;Partnership Facilitation,17,SSC
311,RBAP ,China ,CHN,,,,Government,Country-To-Country,Capacity Building;Partnership Facilitation,17,SSC
312,RBAP ,China ,CHN,,,,Government,Country-To-Country,Capacity Building;Partnership Facilitation,17,SSC
313,RBAP ,China ,CHN,,,,Government,Country-To-Country,Capacity Building;Partnership Facilitation,17,SSC
314,RBAP ,China ,CHN,,,,Government,Country-To-Country,Capacity Building;Partnership Facilitation,17,SSC
315,RBAP ,China ,CHN,,,,Government,Country-To-Country,Capacity Building;Partnership Facilitation,17,SSC
316,RBAP ,China ,CHN,,,,Government,Country-To-Country,Capacity Building;Partnership Facilitation,17,SSC
317,RBAP ,China ,CHN,,,,Government,Country-To-Country,Capacity Building;Partnership Facilitation,17,SSC
318,RBAP ,China ,CHN,,,,Government,Country-To-Country,Capacity Building;Partnership Facilitation,17,SSC
319,RBAP ,China ,CHN,,,,Government,Country-To-Country,Capacity Building;Partnership Facilitation,17,SSC
320,RBAP ,China ,CHN,,,,Government,Country-To-Country,Capacity Building;Partnership Facilitation,17,SSC
321,RBAP ,China ,CHN,,,,Government,Country-To-Country,Capacity Building;Partnership Facilitation,17,SSC
322,RBAP ,China ,CHN,,,,Government,Country-To-Country,Capacity Building;Partnership Facilitation,17,SSC
323,RBAP ,China ,CHN,,,,Government,Country-To-Country,Capacity Building;Partnership Facilitation,17,SSC
324,RBAP ,China ,CHN,,,,CSO/NGOs;Government;Government,Country-To-Country,Capacity Building;Knowledge Sharing,17,SSC
325,RBAP ,China ,CHN,,,,CSO/NGOs;Government;Government,Country-To-Country,Capacity Building;Knowledge Sharing,17,SSC
326,RBAP ,China ,CHN,,,,CSO/NGOs;Government;Government,Country-To-Country,Capacity Building;Knowledge Sharing,17,SSC
327,RBAP ,China ,CHN,,,,CSO/NGOs;Government;Government,Country-To-Country,Capacity Building;Knowledge Sharing,17,SSC
328,RBAP ,China ,CHN,,,,CSO/NGOs;Government;Government,Country-To-Country,Capacity Building;Knowledge Sharing,17,SSC
329,RBAP ,China ,CHN,,,,CSO/NGOs;Government;Government,Country-To-Country,Capacity Building;Knowledge Sharing,17,SSC
330,RBAP ,China ,CHN,,,,CSO/NGOs;Government;Government,Country-To-Country,Capacity Building;Knowledge Sharing,17,SSC
331,RBAP ,China ,CHN,,,,CSO/NGOs;Government;Government,Country-To-Country,Capacity Building;Knowledge Sharing,17,SSC
332,RBAP ,China ,CHN,,,,CSO/NGOs;Government;Government,Country-To-Country,Capacity Building;Knowledge Sharing,17,SSC
333,RBAP ,China ,CHN,,,,CSO/NGOs;Government;Government,Country-To-Country,Capacity Building;Knowledge Sharing,17,SSC
334,RBAP ,China ,CHN,,,,CSO/NGOs;Government;Government,Country-To-Country,Capacity Building;Knowledge Sharing,17,SSC
335,RBAP ,China ,CHN,,,,CSO/NGOs;Government;Government,Country-To-Country,Capacity Building;Knowledge Sharing,17,SSC
336,RBAP ,China ,CHN,,,,CSO/NGOs;Government;Government,Country-To-Country,Capacity Building;Knowledge Sharing,17,SSC
337,RBAP ,China ,CHN,,,,CSO/NGOs;Government;Government,Country-To-Country,Capacity Building;Knowledge Sharing,17,SSC
338,RBAP ,China ,CHN,,,,CSO/NGOs;Government;Government,Country-To-Country,Capacity Building;Knowledge Sharing,17,SSC
339,RBAP ,China ,CHN,,,,Government,Global,Knowledge Sharing,17,SSC
340,RBAP ,China ,CHN,,"Bangladesh, Lao PDR, Maldives and Pakistan",BGD;LAO;MDV;PAK,Government,Regional,Partnership Facilitation,9,Science & Technology
341,RBAP ,China ,CHN,,,,Government,Regional,Knowledge Sharing,6,Water Management
342,RBAP,Indonesia ,IDN,,,,Government,Cross-Regional,Knowledge Sharing,14,Marine Conservation
343,RBAP,Indonesia ,IDN,,,,CSO/NGOs;Government;IFI;Private Sector,Cross-Regional,Partnership Facilitation,16,Governance
344,RBAP,Indonesia ,IDN,,,,Government,Cross-Regional,Capacity Building,5;4;9,Gender Equality;Digital Transformation;Education & Skills Development
345,RBAP,Indonesia ,IDN,,,,Regional Organization,Regional,Partnership Facilitation,14;9,Marine Conservation
346,RBAP,Indonesia ,IDN,,Madagascar,MDG,Private Sector,Country-To-Country,Knowledge Sharing,6;14;9,Digital Transformation;Marine Conservation
347,RBAP,Indonesia ,IDN,,Fiji,FJI,CSO/NGOs;Government;Private Sector,Country-To-Country,Knowledge Sharing;Partnership Facilitation,14;9,Digital Transformation;Marine Conservation
348,RBAP,Indonesia ,IDN,,Vanuatu ,VUT,CSO/NGOs;Government;Private Sector,Country-To-Country,Knowledge Sharing;Partnership Facilitation,14;9,Digital Transformation;Marine Conservation
349,RBAP,Indonesia ,IDN,,PNG,PNG,CSO/NGOs;Government;Private Sector,Country-To-Country,Knowledge Sharing;Partnership Facilitation,14;9,Digital Transformation;Marine Conservation
350,RBAP,Indonesia ,IDN,,Solomon Islands ,SLB,CSO/NGOs;Government;Private Sector,Country-To-Country,Knowledge Sharing;Partnership Facilitation,14;9,Digital Transformation;Marine Conservation
351,RBAP,Indonesia ,IDN,,Comoros ,COM,CSO/NGOs;Government;Private Sector,Country-To-Country,Knowledge Sharing;Partnership Facilitation,14;9,Digital Transformation;Marine Conservation
352,RBAP,Indonesia ,IDN,,Barbados ,BRB,CSO/NGOs;Government;Private Sector,Country-To-Country,Knowledge Sharing;Partnership Facilitation,14;9,Digital Transformation;Marine Conservation
353,RBAP,Indonesia ,IDN,,Guyana,GUY,CSO/NGOs;Government;Private Sector,Country-To-Country,Knowledge Sharing;Partnership Facilitation,14;9,Digital Transformation;Marine Conservation
354,RBAP,Indonesia ,IDN,,PNG,PNG,CSO/NGOs;Regional Organization;Private Sector,Country-To-Country,Capacity Building,14;9,Digital Transformation;Marine Conservation
355,RBAP,Indonesia ,IDN,,"Bangladesh, Cambodia, Laos, Tanzania, Kuwait, Malaysia, Sri Lanka, Timor Leste, Fiji & Maldives",BGD;KHM;LAO;TZA;KWT;MYS;LKA;TLS;FJI;MDV,Government,Cross-Regional,Knowledge Sharing,17,Financing
356,RBAP ,India ,IND,,"Bangladesh, Maldives ",BGD;MDV,Government,Country-To-Country,Capacity Building,4,Education & Skills Development
357,RBAP,Iran,IRN,,,,Regional Organization;Government,Global,Capacity Building;Knowledge Sharing,15,Natural Resource Management & Biodiversity
358,RBAP ,Lao PDR,LAO,LDC;LLDC,Viet Nam,VNM,Government,Country-To-Country,Partnership Facilitation,15,Natural Resource Management & Biodiversity
359,RBAP,Malaysia ,MYS,,Chile,CHL,Government,Country-To-Country,Knowledge Sharing,1,Poverty Eradication
360,RBAP,Malaysia ,MYS,,Colombia ,COL,Government,Country-To-Country,Capacity Building,1,Poverty Eradication
361,RBAP ,Malaysia ,MYS,,Cambodia ,KHM,Government,Country-To-Country,Knowledge Sharing,8,Economic Growth & Job Creation
362,RBAP ,Mongolia ,MNG,LLDC,China ,CHN,Government,Country-To-Country,Partnership Facilitation,11,Disaster Risk Management
363,RBAP ,Pakistan ,PAK,,China ,CHN,Government,Country-To-Country,Partnership Facilitation,3,Health
364,RBAP ,Philippines,PHL,,Bangladesh ,BGD,Private Sector,Country-To-Country,Knowledge Sharing,16;9,Governance;Digital Transformation
365,RBAP,Samoa ,WSM,SIDS,Tokelau,TKL,Government,Country-To-Country,Knowledge Sharing,14,Marine Conservation
366,RBAP,Sri Lanka ,LKA,,Thailand ,THA,Government;Private Sector,Country-To-Country,Partnership Facilitation,11,Community Resilience
367,RBAP,Sri Lanka ,LKA,,,,CSO/NGOs;Regional Organization,Regional,Capacity Building,16,Governance
368,RBAP ,Thailand ,THA,,Lao PDR,LAO,CSO/NGOs;Government,Country-To-Country,Capacity Building;Knowledge Sharing,3,Health
369,RBAP,Timor-Leste,TLS,LDC;SIDS,,,,Regional,Knowledge Sharing,14,Marine Conservation
370,RBAP,Timor-Leste,TLS,LDC;SIDS,"Australia, Indonesia, Papua New Guinea",AUS;IDN;PNG,Government,Country-To-Country,Knowledge Sharing,14,Marine Conservation
371,RBAP,Viet Nam,VNM,,"South African, Indonesia and 7 other countries ",ZAF;IDN,Government;Private Sector,Cross-Regional,Knowledge Sharing,7,Renewable Energy
372,RBAP,Reg Bur Asia & Pacific ,,,,,CSO/NGOs;Private Sector,Regional,Capacity Building,5;8,Economic Growth & Job Creation;Gender Equality
373,RBAP,Reg Bur Asia & Pacific ,,,,,Regional Organization;Government,,Capacity Building,14,Marine Conservation
374,RBAP,Reg Bur Asia & Pacific ,,,,,Regional Organization,Regional,Capacity Building,6,Water Management
375,RBAP,Reg Bur Asia & Pacific ,,,,,Regional Organization;Government,Regional,Capacity Building,16,Governance
376,RBAP,Reg Bur Asia & Pacific ,,,"Philippines, Thailand, Sri Lanka, Pakistan, Nepal, Myanmar, and Indonesia",PHL;THA;LKA;PAK;NPL;MMR;IDN,Government,Regional,Capacity Building;Knowledge Sharing,16,Governance
377,RBAP,Reg Bur Asia & Pacific ,,,,,CSO/NGOs;Private Sector,Regional,Capacity Building,16,Governance
378,RBAP,Reg Bur Asia & Pacific ,,,,,Regional Organization;Government,Regional,Capacity Building,11,Community Resilience
379,RBAP,Reg Bur Asia & Pacific ,,,,,IFI,Regional,Partnership Facilitation,17,SSC
380,RBAP,Reg Bur Asia & Pacific ,,,,,Government,Regional,Capacity Building;Knowledge Sharing,17,Financing
381,RBAP,Reg Bur Asia & Pacific ,,,,,CSO/NGOs;Regional Organization;Government;IFI;Private Sector,Regional,Knowledge Sharing,16,Governance
382,RBAP,Reg Bur Asia & Pacific ,,,"Thailand, Myanmar",THA;MMR,Government,Regional,Knowledge Sharing;Partnership Facilitation,16,Governance
383,RBAP,Reg Bur Asia & Pacific ,,,"the Philippines, Myanmar, PNG, and Pakistan",PHL;MMR;PNG;PAK,Regional Organization,Regional,Partnership Facilitation,13,Climate Action
384,RBAS,Bahrain,BHR,,,,Academia;CSO/NGOs;Government,Cross-Regional,Knowledge Sharing;Partnership Facilitation,11,Urban Development
385,RBAS,Bahrain ,BHR,,,,Academia;Government,Regional,Capacity Building,5,Gender Equality
386,RBA,Djibouti,DJI,LDC,China ,CHN,CSO/NGOs,Country-To-Country,Partnership Facilitation,10;5,Gender Equality;Social Inclusion
387,RBA,Djibouti,DJI,LDC,Cameroon,CMR,Government,Country-To-Country,Knowledge Sharing,11,Water Management
388,RBAS,Egypt,EGY,,Sudan,SDN,CSO/NGOs,Country-To-Country,Partnership Facilitation,16,Governance
389,RBAS,Egypt,EGY,,State of Palestine ,PSE,CSO/NGOs,Country-To-Country,Partnership Facilitation,16,Governance
390,RBAS,Egypt,EGY,,,,CSO/NGOs,Cross-Regional,Capacity Building,16,Governance
391,RBAS,Egypt,EGY,,,,CSO/NGOs,Regional,Partnership Facilitation,13,Climate Action
392,RBAS ,Iraq,IRQ,,Malaysia ,MYS,Government,Country-To-Country,Partnership Facilitation,17,SSC
393,RBAS,Jordan,JOR,,UAE,ARE,Government,Country-To-Country,Knowledge Sharing,14,Marine Conservation
394,RBAS,Kuwait,KWT,,,,Academia;CSO/NGOs;Government,Regional,Knowledge Sharing,9,Science & Technology
395,RBAS,Kuwait,KWT,,"Lebanon, Yemen",LBN;YEM,Government,Country-To-Country,Capacity Building;Knowledge Sharing,12,Waste Management
396,RBAS,Lebanon,LBN,,Kuwait ,KWT,Government,Country-To-Country,Partnership Facilitation,12,Waste Management
397,RBAS,Libya,LBY,,Tunisia ,TUN,Government,Country-To-Country,Capacity Building,16,Governance
398,RBAS,Libya,LBY,,Egypt,EGY,Regional Organization;Government;IFI,Country-To-Country,Capacity Building;Knowledge Sharing,8,Economic Growth & Job Creation
399,RBAS ,Morocco ,MAR,,China ,CHN,Government,Country-To-Country,Partnership Facilitation,2,Food Security
400,RBAS,Saudi Arabia,SAU,,,,Government,Global,Capacity Building,17,SSC
401,RBAS,Somalia,SOM,LDC,Kenya,KEN,Academia;Regional Organization;Government,Country-To-Country,Capacity Building,17,SSC
402,RBAS ,Somalia,SOM,LDC,Saudi Arabia ,SAU,Government,Country-To-Country,Partnership Facilitation,10,Social Inclusion
403,RBAS ,Syria ,SYR,,Kuwait ,KWT,Government,Country-To-Country,Partnership Facilitation,11,Community Resilience
404,RBAS,Reg Bur Arab States,,,,,Government,Regional,Knowledge Sharing,9,Science & Technology
405,RBAS,Reg Bur Arab States,,,UAE,ARE,CSO/NGOs,Regional,Partnership Facilitation,9,Digital Transformation
406,RBAS,Reg Bur Arab States,,,,,Government,Regional,Knowledge Sharing;Partnership Facilitation,5;16,Gender Equality;Governance
407,RBAS,Reg Bur Arab States,,,,,Government,Regional,Capacity Building;Knowledge Sharing,16,Governance
408,RBAS,Reg Bur Arab States,,,,,Government,Regional,Capacity Building;Knowledge Sharing,5;16,Gender Equality;Governance
409,RBAS,Reg Bur Arab States,,,,,Regional Organization;Government,Regional,Partnership Facilitation,10,Social Inclusion
410,RBAS,Reg Bur Arab States,,,"Lebanon, Kuwait ",LBN;KWT,Government,Country-To-Country,Knowledge Sharing,9;16,Governance;Digital Transformation
411,RBAS,Reg Bur Arab States,,,,,Regional Organization;Government;IFI,Regional,Partnership Facilitation,7,Renewable Energy
412,RBAS,Reg Bur Arab States,,,,,Private Sector,Regional,Partnership Facilitation,7,Energy Efficiency
413,RBAS,Reg Bur Arab States,,,UAE,ARE,CSO/NGOs,Regional,Partnership Facilitation,9,Digital Transformation
414,RBAS,Reg Bur Arab States,,,,,Government,Regional,Knowledge Sharing,16,Governance
415,RBAS,Reg Bur Arab States,,,,,Regional Organization;Government,Cross-Regional,Partnership Facilitation,16,Governance
416,RBAS,Reg Bur Arab States,,,,,Regional Organization,Regional,Partnership Facilitation,7,Renewable Energy
417,RBAS ,Reg Bur Arab States,,,,,IFI,Regional,Partnership Facilitation,11;8,Economic Growth & Job Creation;Community Resilience
418,RBAS ,Reg Bur Arab States,,,"UAE, Saudi Arabia ",ARE;SAU,Government,Regional,Partnership Facilitation,9,Digital Transformation
419,BPPS,Bureu for Policy & Programme Support ,,,,,Government,Regional,Capacity Building,1,Social Protection
420,BPPS,Bureu for Policy & Programme Support ,,,,,,Global,Knowledge Sharing,17,SSC
421,BPPS,Bureu for Policy & Programme Support ,,,,,,Global,Capacity Building,17,SSC
422,BPPS,Bureu for Policy & Programme Support ,,,,,,Global,Partnership Facilitation,17,SSC
423,BPPS,Bureu for Policy & Programme Support ,,,"South Africa, Tajikistan",ZAF;TJK,Government,Global,Knowledge Sharing,6;7,Water Management;Sustainable Energy
424,BPPS,Bureu for Policy & Programme Support ,,,,,,Global,Knowledge Sharing,11;12,Urban Development;Waste Management
425,BPPS,Bureu for Policy & Programme Support ,,,,,Academia;CSO/NGOs,Global,Knowledge Sharing,3;17,SSC;Health
426,BPPS,Bureu for Policy & Programme Support ,,,,,,Global,Knowledge Sharing,15,Natural Resource Management & Biodiversity
427,BPPS,Bureu for Policy & Programme Support ,,,,,,Global,Knowledge Sharing,8;9;16,Economic Growth & Job Creation;Governance;Digital Transformation
428,BPPS,Bureu for Policy & Programme Support ,,,"Bangladesh, Ghana, Uganda, and Uzbekistan",BGD;GHA;UGA;UZB,Government,Cross-Regional,Knowledge Sharing,9,Digital Transformation
429,BERA,BERA ,,,,,IFI,Global,Partnership Facilitation,9,Digital Transformation
430,CB,Crisis Bur,,,,,IFI,Global,Partnership Facilitation,11,Community Resilience
